	AACCGAAACACACGATCAATCCGAATATGAG	CTCATATTCGGATTGATCGTGTGTTTCGGTTT	GCCCAGGGATTTGTTCAATCCAGCGTGCCGCT	GCGGCACGCTGGATTGAACAAATCCCTGGGC	TCACCAAAACAGTGACAAAAACTGTCACCAAA	TTGGTGACAGTTTTTGTCACTGTTTTGGTGA
GCA_013705125.1	1	0	0	1	0	1
GCA_004231525.3	1	0	0	1	0	1
GCA_020978845.2	1	0	0	1	0	1
GCA_015202325.2	1	0	0	1	0	1
GCA_029714465.3	1	0	0	1	0	1
GCA_000747455.1	0	1	1	0	1	0
GCA_012144365.2	1	0	0	1	0	1
GCA_012777515.2	1	0	0	1	0	1
GCA_030722125.2	1	0	0	1	0	1
GCA_028667335.2	1	0	0	1	0	1
GCA_020914705.2	1	0	0	1	0	1
GCA_011840145.2	1	0	0	1	0	1
GCA_042153485.2	1	0	0	1	0	1
GCA_020041825.2	1	0	0	1	0	1
GCA_012722755.2	1	0	0	1	0	1
GCA_021005645.2	1	0	0	1	0	1
GCA_012266065.2	1	0	0	1	0	1
GCA_013685255.2	1	0	0	1	0	1
GCA_018621535.1	1	0	0	1	0	1
GCA_026671015.2	1	0	0	1	0	1
GCA_011957145.2	1	0	0	1	0	1
GCA_012191205.2	1	0	0	1	0	1
GCA_012047315.2	1	0	0	1	0	1
GCA_012148685.1	1	0	0	1	0	1
GCA_014455235.2	1	0	0	1	0	1
GCA_002195475.1	1	0	0	1	0	1
GCA_012211705.2	1	0	0	1	0	1
GCA_012778035.2	1	0	0	1	0	1
GCA_025305355.2	1	0	0	1	0	1
GCA_012808965.2	1	0	0	1	0	1
GCA_012025385.2	1	0	0	1	0	1
GCA_025375455.2	1	0	0	1	0	1
GCA_032439805.2	1	0	0	1	0	1
GCA_012767535.2	1	0	0	1	0	1
GCA_012717695.2	1	0	0	1	0	1
GCA_012092775.2	1	0	0	1	0	1
GCA_012829095.2	1	0	0	1	0	1
GCA_012136965.2	1	0	0	1	0	1
GCA_014096495.2	1	0	0	1	0	1
GCA_027917935.2	1	0	0	1	0	1
GCA_011833915.1	1	0	0	1	0	1
GCA_015699465.1	1	0	0	1	0	1
GCA_011860765.2	1	0	0	1	0	1
GCA_031545225.1	1	0	0	1	0	1
GCA_011817985.2	1	0	0	1	0	1
GCA_012019445.2	1	0	0	1	0	1
GCA_011953435.2	1	0	0	1	0	1
GCA_030761495.2	1	0	0	1	0	1
GCA_017683585.2	1	0	0	1	0	1
GCA_012438845.2	1	0	0	1	0	1
GCA_011861605.2	1	0	0	1	0	1
GCA_037561345.2	1	0	0	1	0	1
GCA_014979465.2	1	0	0	1	0	1
GCA_037981075.2	1	0	0	1	0	1
GCA_032830935.1	1	0	0	1	0	1
GCA_031589575.2	1	0	0	1	0	1
GCA_031997305.1	1	0	0	1	0	1
GCA_012819355.1	1	0	0	1	0	1
GCA_029128165.2	1	0	0	1	0	1
GCA_019544495.2	1	0	0	1	0	1
GCA_014387465.2	1	0	0	1	0	1
GCA_024891135.2	1	0	0	1	0	1
GCA_021184915.2	1	0	0	1	0	1
GCA_015286565.2	1	0	0	1	0	1
GCA_014242775.2	1	0	0	1	0	1
GCA_017759235.2	1	0	0	1	0	1
GCA_032367475.2	1	0	0	1	0	1
GCA_012369445.2	1	0	0	1	0	1
GCA_012017725.2	1	0	0	1	0	1
GCA_019681615.2	1	0	0	1	0	1
GCA_032499945.2	1	0	0	1	0	1
GCA_012020605.2	1	0	0	1	0	1
GCA_019347555.2	1	0	0	1	0	1
GCA_012302805.2	1	0	0	1	0	1
GCA_014955645.2	1	0	0	1	0	1
GCA_027996165.2	1	0	0	1	0	1
GCA_012824515.2	1	0	0	1	0	1
GCA_019785505.2	1	0	0	1	0	1
GCA_012260345.1	1	0	0	1	0	1
GCA_024871825.2	1	0	0	1	0	1
GCA_040723375.2	1	0	0	1	0	1
GCA_012425765.2	1	0	0	1	0	1
GCA_016492925.1	1	0	0	1	0	1
GCA_020979445.2	1	0	0	1	0	1
GCA_029648545.2	1	0	0	1	0	1
GCA_017268535.2	1	0	0	1	0	1
GCA_012392045.2	1	0	0	1	0	1
GCA_021166015.1	0	1	1	0	1	0
GCA_023003305.2	1	0	0	1	0	1
GCA_021003695.2	1	0	0	1	0	1
GCA_012714745.2	1	0	0	1	0	1
GCA_020914765.2	1	0	0	1	0	1
GCA_011830295.2	1	0	0	1	0	1
GCA_025616425.2	1	0	0	1	0	1
GCA_020979465.2	1	0	0	1	0	1
GCA_014559605.2	1	0	0	1	0	1
GCA_020381505.2	1	0	0	1	0	1
GCA_012750655.2	1	0	0	1	0	1
GCA_012741275.1	1	0	0	1	0	1
GCA_047802525.1	1	0	0	1	0	1
GCA_012091855.2	1	0	0	1	0	1
GCA_021184125.1	0	1	1	0	1	0
GCA_040337995.2	1	0	0	1	0	1
GCA_032893465.2	1	0	0	1	0	1
GCA_029825875.2	1	0	0	1	0	1
GCA_020349605.2	1	0	0	1	0	1
GCA_029585815.1	1	0	0	1	0	1
GCA_047838695.1	1	0	0	1	0	1
